"productID","category","product_name","product_description","Unit_price","Manufacturer","weight","size","supplier_sku","customer_rating","sales_rank"
"da087fa3-5b39-41ff-a711-756239be8fd7","Awesome","Electronic Frozen Chips","The Nagasaki Lander is the trademarked name of several series of Nagasaki sport bikes, that started with the 1984 ABC800J","497.00","Kozey and Sons","1469.15","983.93","55100f98-1b9e-4a17-96b3-853c3003b28e","1.06","8.97"
"1a9f3c62-5ca9-42f0-87c8-379c49784907","Generic","Electronic Metal Table","Andy shoes are designed to keeping in mind durability as well as trends, the most stylish range of shoes & sandals","48.00","Howe - Simonis","445.18","945.85","94b3ad21-f3b2-4065-80b9-a0be63002859","2.89","3.15"
"c1bb3a3b-cc86-4563-b760-7fbada902ce8","Small","Elegant Steel Towels","Carbonite web goalkeeper gloves are ergonomically designed to give easy fit","539.00","Marvin - Ruecker","836.56","497.46","a2cd97fe-20c8-4f74-8ca8-6027ca242ec4","1.59","7.47"
"1a8a892b-2c85-4a71-8c90-d86ebaa56ec1","Incredible","Handcrafted Plastic Shoes","The beautiful range of Apple Naturalé that has an exciting mix of natural ingredients. With the Goodness of 100% Natural Ingredients","849.00","Hayes, Wunsch and Mills","1002.45","112.23","1031a08c-6aff-4e57-a6ee-1f73da466909","1.68","7.04"
"3d774895-d049-4c69-99b9-14e4e6292b5c","Elegant","Small Metal Shirt","The Football Is Good For Training And Recreational Purposes","905.00","Volkman - Dooley","1665.15","110.64","3a87705e-a493-4c77-83a5-fcc6f83c85cb","4.75","5.25"
"e94b2684-e9c4-4ba1-912c-f066a824269b","Handcrafted","Luxurious Concrete Table","New range of formal shirts are designed keeping you in mind. With fits and styling that will make you stand apart","444.00","Weissnat and Sons","550.44","200.29","826956eb-d538-418a-aa11-d4b099ceafd0","2.16","6.34"
"c93f7d18-3cdb-4cad-95db-68979cf6c2b9","Fantastic","Incredible Metal Pizza","The beautiful range of Apple Naturalé that has an exciting mix of natural ingredients. With the Goodness of 100% Natural Ingredients","682.00","Lehner, Terry and Lebsack","2018.16","562.58","185388a9-adc5-4ab5-acd0-081244910176","2.36","8.59"
"787d45c6-46a3-4cee-93b9-178a884618a8","Modern","Small Rubber Car","The Football Is Good For Training And Recreational Purposes","557.00","Kunde - Rau","2202.73","199.48","cd1ba0a4-16ff-4ea0-81dd-6a09201fba88","1.46","2.58"
"fdede80d-0958-47fe-b4b4-1b9e0b6dab93","Incredible","Incredible Steel Computer","The slim & simple Maple Gaming Keyboard from Dev Byte comes with a sleek body and 7- Color RGB LED Back-lighting for smart functionality","781.00","Legros LLC","1946.41","277.90","1584f7eb-d915-4e0d-986a-4f1a62ab425f","3.60","3.23"
"e4b7e63f-f6a0-44a2-a5ef-3937894fd187","Electronic","Tasty Fresh Mouse","Carbonite web goalkeeper gloves are ergonomically designed to give easy fit","874.00","Pouros - Koepp","1275.05","730.26","148bd859-c146-4ed9-bd50-4801a2cda154","4.10","7.97"
"b6085d5b-4ebd-465f-bce0-d444e58c7d04","Unbranded","Modern Cotton Pants","The Nagasaki Lander is the trademarked name of several series of Nagasaki sport bikes, that started with the 1984 ABC800J","529.00","Roberts, McDermott and Little","741.37","809.84","e1e2ff7e-4f26-4152-9fee-f50a680b09a1","4.99","1.91"
"b1746d78-367d-485f-aab5-4d6ba4087aff","Unbranded","Oriental Concrete Chicken","The Nagasaki Lander is the trademarked name of several series of Nagasaki sport bikes, that started with the 1984 ABC800J","811.00","Jakubowski - Hegmann","991.54","711.27","b257c24e-ce01-44a7-aa41-551450cc5e3b","2.61","5.13"
"60dc5a16-5588-493f-aeed-3286803708ce","Elegant","Electronic Soft Chips","Boston's most advanced compression wear technology increases muscle oxygenation, stabilizes active muscles","911.00","Kuvalis, Reynolds and Heidenreich","2009.95","515.70","8ccffe67-8069-427a-8f12-d66de160881e","3.46","6.22"
"4f5b4b1c-380e-4310-b5b6-799dab3db8c5","Refined","Generic Steel Shoes","Andy shoes are designed to keeping in mind durability as well as trends, the most stylish range of shoes & sandals","915.00","Rippin, Prohaska and Terry","1598.53","637.05","c83514ef-cb18-4840-9e8a-d7eb0588f737","1.59","9.15"
"4e2a101e-a286-49c2-94b1-6195f2bafaef","Handcrafted","Tasty Concrete Bacon","New ABC 13 9370, 13.3, 5th Gen CoreA5-8250U, 8GB RAM, 256GB SSD, power UHD Graphics, OS 10 Home, OS Office A & J 2016","946.00","Bogisich, Rutherford and Gusikowski","1198.13","573.26","80f66bea-f6ba-478a-bad8-d5d352d25f6d","1.90","8.92"
"8eb400b4-6396-4677-969b-bb48971f4c88","Small","Modern Concrete Soap","The beautiful range of Apple Naturalé that has an exciting mix of natural ingredients. With the Goodness of 100% Natural Ingredients","808.00","Carter Inc","74.86","842.21","08d00cfd-4451-426b-b0f1-742915752f62","4.57","4.83"
"117b14f7-5962-457b-b0da-aa093bba8411","Awesome","Electronic Soft Chair","Ergonomic executive chair upholstered in bonded black leather and PVC padded seat and back for all-day comfort and support","655.00","Franecki - Abernathy","2316.53","126.02","5485c64c-7c42-4046-84e7-0510813b742f","3.09","7.26"
"c5a5c85d-3e41-4e0d-af0d-d17e464a3e9f","Electronic","Rustic Bronze Pants","The Nagasaki Lander is the trademarked name of several series of Nagasaki sport bikes, that started with the 1984 ABC800J","559.00","Schultz - Kreiger","52.35","574.75","3d182e29-dc21-46b9-a8c4-eba6edfea64b","2.85","3.21"
"e7fb43de-37f1-4b62-8369-4061ba69cd17","Oriental","Handmade Wooden Mouse","Carbonite web goalkeeper gloves are ergonomically designed to give easy fit","564.00","Koch - Trantow","2007.91","20.24","aa673b29-9a3e-4389-bbe0-ebf58036c782","2.45","2.37"
"47310854-0b88-4b89-b276-82105b70853f","Modern","Tasty Steel Ball","New range of formal shirts are designed keeping you in mind. With fits and styling that will make you stand apart","715.00","Oberbrunner, Greenholt and Goldner","1628.78","577.41","5813eaa1-1023-4d6a-af24-c474e3d9d301","1.84","3.19"
"ffbaaffc-c403-499b-ab5e-e45141341a90","Luxurious","Ergonomic Soft Hat","Andy shoes are designed to keeping in mind durability as well as trends, the most stylish range of shoes & sandals","786.00","Schultz - Murray","2189.47","740.08","b5f0aa12-3fc7-4b18-bfc5-e6968ea0368d","4.77","3.34"
"f6eed39a-68de-462d-8035-d0d6247fd31a","Oriental","Recycled Cotton Towels","The Apollotech B340 is an affordable wireless mouse with reliable connectivity, 12 months battery life and modern design","374.00","Zieme - Mann","1321.62","176.29","02ca3e6f-219e-4f51-9164-b1824715edda","2.17","5.32"
"f93bbe09-9beb-4c00-a520-7828c1939387","Luxurious","Awesome Wooden Towels","Ergonomic executive chair upholstered in bonded black leather and PVC padded seat and back for all-day comfort and support","532.00","Hoppe, Block and Adams","1226.86","82.02","6f5e828d-7dfa-4bb7-920a-fd83e6cd5637","2.24","3.75"
"a24abc3c-2bc3-4013-9a4a-c4b518a1098f","Bespoke","Licensed Bronze Shirt","The Apollotech B340 is an affordable wireless mouse with reliable connectivity, 12 months battery life and modern design","963.00","Leffler LLC","989.31","677.48","45fd4689-c72c-4e78-b0a6-99dea29a73f2","2.08","1.01"
"90e73dcd-7897-42e5-bad8-1a8d76cb29e9","Luxurious","Oriental Steel Shirt","Carbonite web goalkeeper gloves are ergonomically designed to give easy fit","355.00","Turcotte - Ullrich","2123.57","238.25","bf9900ff-6c45-43fb-9ba2-42d30fceb228","4.78","4.15"
"9b3297ab-9e26-48d2-bd27-209461897b62","Licensed","Rustic Rubber Mouse","The automobile layout consists of a front-engine design, with transaxle-type transmissions mounted at the rear of the engine and four wheel drive","924.00","Greenholt Inc","1381.47","542.23","365a1aa2-6d51-40e6-8c43-9cd008c0b87b","2.79","6.22"
"9f56615f-91f9-4108-a4cf-b38518f20a9e","Unbranded","Ergonomic Rubber Soap","Andy shoes are designed to keeping in mind durability as well as trends, the most stylish range of shoes & sandals","717.00","Kerluke Inc","839.51","40.50","5ef3c20d-f9cb-4f7e-8e3e-0f7c4c850259","2.09","2.70"
"1e63a9ec-5ced-45a7-aa80-3b22cef35f1d","Tasty","Recycled Soft Car","New range of formal shirts are designed keeping you in mind. With fits and styling that will make you stand apart","489.00","Witting - Fritsch","926.50","647.91","4f0639c2-bc03-4832-8979-71002b00c074","2.77","8.04"
"9f77274d-54c9-4bd8-9428-f5a24168ae1b","Refined","Bespoke Metal Cheese","Andy shoes are designed to keeping in mind durability as well as trends, the most stylish range of shoes & sandals","987.00","Kihn Group","1588.63","323.92","25782a63-8379-4490-b3b5-32bdff49621d","4.48","7.79"
"1be304fb-5d3d-4344-9755-ea18bbe9fe6a","Sleek","Handcrafted Steel Chicken","The Football Is Good For Training And Recreational Purposes","880.00","Prosacco, Botsford and D'Amore","1824.49","645.89","86674443-dcec-40bc-a210-d104fc36f9ce","1.77","9.32"
"fb433d92-4362-41cd-b2d3-fa51efa94dca","Modern","Ergonomic Concrete Shirt","The beautiful range of Apple Naturalé that has an exciting mix of natural ingredients. With the Goodness of 100% Natural Ingredients","601.00","Howe, Legros and Feeney","2222.69","824.76","7953a3bf-093f-40c8-aade-62677f205a49","1.99","5.60"
"247183ca-7bfd-472b-872d-47d9256d9e3c","Oriental","Elegant Plastic Table","The automobile layout consists of a front-engine design, with transaxle-type transmissions mounted at the rear of the engine and four wheel drive","101.00","Cormier - Terry","918.34","474.86","0a735de1-29df-4618-8730-e1f5eaa50ff0","4.79","8.39"
"a743baa3-6881-48ea-b03c-15ee5584c5a8","Electronic","Electronic Bronze Towels","The slim & simple Maple Gaming Keyboard from Dev Byte comes with a sleek body and 7- Color RGB LED Back-lighting for smart functionality","124.00","Steuber Inc","944.40","561.62","2dc90020-2549-4cd9-9868-030fa2a8fa57","1.30","4.66"
"41418e9b-2518-4974-97a5-82be79ef6adb","Tasty","Awesome Wooden Salad","New ABC 13 9370, 13.3, 5th Gen CoreA5-8250U, 8GB RAM, 256GB SSD, power UHD Graphics, OS 10 Home, OS Office A & J 2016","975.00","Thompson - Heaney","2204.33","667.11","06405da9-39ac-4031-8502-dc697ec77562","1.98","8.18"
"bf815778-b7d6-48b3-b89d-82343faff664","Generic","Elegant Metal Ball","The beautiful range of Apple Naturalé that has an exciting mix of natural ingredients. With the Goodness of 100% Natural Ingredients","175.00","Rolfson, Reilly and Kreiger","228.37","859.21","fc0e4b16-591c-41c1-8fae-708c05f6c01d","1.30","2.34"
"3a1a43c6-0db7-4d1e-8dcf-378192ffaa54","Handmade","Electronic Soft Computer","Ergonomic executive chair upholstered in bonded black leather and PVC padded seat and back for all-day comfort and support","184.00","Farrell, Mueller and D'Amore","1047.00","521.24","afd1998d-5511-4df9-ae1a-36654e53a21d","3.78","6.56"
"9d0b1e28-fcef-47df-8ef8-7d4f6fceceeb","Intelligent","Elegant Cotton Chips","The Apollotech B340 is an affordable wireless mouse with reliable connectivity, 12 months battery life and modern design","629.00","Satterfield - Hintz","1655.58","724.73","7694437f-24e5-4af8-8576-164a9e8e0a87","4.66","5.46"
"63116ae4-864a-41cd-8157-910dea464936","Rustic","Rustic Steel Towels","The slim & simple Maple Gaming Keyboard from Dev Byte comes with a sleek body and 7- Color RGB LED Back-lighting for smart functionality","648.00","Torphy - Wiza","1797.36","70.55","b1ed569d-c6f0-4067-9e09-0477ba8a97e7","4.03","2.77"
"4bec2e43-9688-40b0-aff6-f4c1dc7e38d8","Luxurious","Practical Wooden Gloves","Carbonite web goalkeeper gloves are ergonomically designed to give easy fit","11.00","Schuster, Kuhlman and Schuster","1051.24","30.76","b90b2b94-cfb8-4d5d-a7f0-8da690222a8f","4.68","4.38"
"c0888034-f2f6-4205-83a2-f0bd5f052c87","Awesome","Bespoke Fresh Bacon","The beautiful range of Apple Naturalé that has an exciting mix of natural ingredients. With the Goodness of 100% Natural Ingredients","46.00","Schmitt, Gleason and Hahn","1338.43","499.02","e1988b79-7c37-45f3-8c8f-dff7faa4c7f5","4.61","7.22"
"faedac59-0a88-4811-8449-7054fa3f1a79","Rustic","Sleek Wooden Gloves","Ergonomic executive chair upholstered in bonded black leather and PVC padded seat and back for all-day comfort and support","478.00","Heller - Sipes","1426.06","130.25","eb89bd7c-7037-41a4-9eea-07066c685723","1.12","7.66"
"91e2c107-533c-41d3-b83e-70f25823e01d","Unbranded","Modern Steel Shoes","Carbonite web goalkeeper gloves are ergonomically designed to give easy fit","728.00","Fahey, Pacocha and Bahringer","2456.68","266.76","f7881e2d-9e8f-467d-8e85-b499c4de8a98","3.57","5.42"
"aceb753a-4cba-4328-84f4-475c7ff95ef8","Bespoke","Generic Metal Sausages","New range of formal shirts are designed keeping you in mind. With fits and styling that will make you stand apart","387.00","Bradtke, Okuneva and McDermott","2294.63","328.34","70373dfb-0018-415b-9fe2-fe86bdb1501c","3.83","8.43"
"a6478011-d64f-4bc5-a027-0d609d871167","Rustic","Gorgeous Plastic Keyboard","New ABC 13 9370, 13.3, 5th Gen CoreA5-8250U, 8GB RAM, 256GB SSD, power UHD Graphics, OS 10 Home, OS Office A & J 2016","162.00","Gusikowski, Hackett and Medhurst","1488.31","217.61","fcdab4cd-7eef-407d-9e7c-abb272769f09","2.22","8.71"
"40e47309-97be-42d3-b18a-5816aa4fbcc7","Ergonomic","Ergonomic Plastic Bike","New range of formal shirts are designed keeping you in mind. With fits and styling that will make you stand apart","391.00","Ryan Inc","1315.23","760.11","a8856540-48c4-499e-bd87-85488fd17cf3","3.10","4.24"
"8327a1c7-6a7b-4c89-a6e6-607f5963c9ed","Modern","Intelligent Plastic Bacon","The Football Is Good For Training And Recreational Purposes","54.00","Schinner - Boyle","483.55","441.49","2bef4693-112c-4259-af54-b3b1709a9c62","4.18","6.32"
"3e603d74-2516-4337-b8eb-9cab8c004570","Awesome","Generic Granite Mouse","The slim & simple Maple Gaming Keyboard from Dev Byte comes with a sleek body and 7- Color RGB LED Back-lighting for smart functionality","111.00","Gerlach, Mraz and Stokes","1934.64","715.03","c3332de5-5462-4d18-910b-fd9d65f2ceb6","4.33","6.19"
"69cea6ff-cecd-4c90-a39f-6e16c9529174","Ergonomic","Sleek Cotton Ball","Boston's most advanced compression wear technology increases muscle oxygenation, stabilizes active muscles","736.00","Rice Group","1919.17","470.54","29049c98-1e98-4f14-91cc-f5f5fe2c7a84","4.20","6.74"
"04b0a4ac-88a3-4705-9eba-c8395e388be8","Fantastic","Unbranded Wooden Hat","The Nagasaki Lander is the trademarked name of several series of Nagasaki sport bikes, that started with the 1984 ABC800J","533.00","Schuppe - Ziemann","945.27","679.31","bddcc28d-9d4d-4a5b-b17b-cb91b5734a27","3.16","3.21"
"b24dd980-46b0-476e-b6e6-635ce6bf339f","Elegant","Recycled Soft Fish","New ABC 13 9370, 13.3, 5th Gen CoreA5-8250U, 8GB RAM, 256GB SSD, power UHD Graphics, OS 10 Home, OS Office A & J 2016","529.00","Johns - Langosh","780.62","475.72","5c9c7ce7-5445-4e79-87f2-bbc0667174d9","4.31","8.59"
"01ec303d-d9b8-45ac-9952-42b7a94d57f7","Modern","Generic Wooden Chips","New range of formal shirts are designed keeping you in mind. With fits and styling that will make you stand apart","506.00","Wolff, Olson and Kuhlman","1894.35","167.32","b33dd1f5-a548-4c49-a42c-fed9af8f3d63","4.88","6.87"
"a5e7183a-7cd9-4a7b-84b2-2315d516c1a3","Oriental","Luxurious Rubber Car","The beautiful range of Apple Naturalé that has an exciting mix of natural ingredients. With the Goodness of 100% Natural Ingredients","479.00","Marvin and Sons","2299.49","419.89","19d159eb-676a-457d-b5b8-9c1fd4a600b2","4.01","4.97"
"c14bc453-5c0e-43d5-968e-43d73ed735c3","Licensed","Oriental Fresh Cheese","Ergonomic executive chair upholstered in bonded black leather and PVC padded seat and back for all-day comfort and support","615.00","Nicolas - Hansen","324.51","313.49","a254d3c3-17a2-454c-b946-7c2c3feb9ad0","1.46","3.81"
"f1ffd976-a2c3-4c2a-8af2-3d836bd3b9e8","Handcrafted","Ergonomic Fresh Gloves","The slim & simple Maple Gaming Keyboard from Dev Byte comes with a sleek body and 7- Color RGB LED Back-lighting for smart functionality","409.00","Roberts LLC","2047.85","401.98","c628abca-8aca-44a5-93d7-c3cc0257e6d0","3.45","4.96"
"6bd0eb2e-c25d-4161-848b-6cd1d4c919cd","Recycled","Incredible Wooden Chips","The Nagasaki Lander is the trademarked name of several series of Nagasaki sport bikes, that started with the 1984 ABC800J","764.00","Larson and Sons","622.36","44.28","deef65aa-b69e-4011-a1e3-a6c7b13e216a","4.78","2.66"
"93647d7e-ac48-4821-ae69-cec8564e1973","Incredible","Sleek Concrete Sausages","New ABC 13 9370, 13.3, 5th Gen CoreA5-8250U, 8GB RAM, 256GB SSD, power UHD Graphics, OS 10 Home, OS Office A & J 2016","280.00","Rippin, Marvin and Wisozk","1341.16","471.80","4f943dc4-5086-4a28-9b1f-89c345294ea6","3.36","8.30"
"386ac093-5a43-439f-8ae1-d3e4c18aa34c","Gorgeous","Tasty Steel Tuna","The Football Is Good For Training And Recreational Purposes","744.00","Blanda - Erdman","2324.50","461.18","c9b73c64-7b3f-4f06-b633-133f522cfc7d","2.45","6.72"
"e613d8d3-b9fd-4ec2-9873-fc332c499977","Practical","Fantastic Fresh Towels","The beautiful range of Apple Naturalé that has an exciting mix of natural ingredients. With the Goodness of 100% Natural Ingredients","54.00","Kuhlman Group","2416.03","579.23","b8a3e144-2c14-4af3-a86e-3f7c26f1c56b","2.42","2.33"
"ae889e96-635a-432a-9b9d-0846ff434ddd","Intelligent","Awesome Metal Chips","The Football Is Good For Training And Recreational Purposes","504.00","McCullough and Sons","2046.67","768.44","76d96030-0567-46db-adea-c7213f0d7c10","2.06","8.82"
"b8430c36-5521-4289-ae76-4a94679775c8","Tasty","Handmade Concrete Tuna","Andy shoes are designed to keeping in mind durability as well as trends, the most stylish range of shoes & sandals","837.00","McDermott - Durgan","1202.52","88.02","7725b12a-bc45-4252-b358-0007edf089ec","2.33","6.81"
"ed2597d3-0e23-45ea-aee9-b98554f75bbc","Oriental","Modern Bronze Chips","Carbonite web goalkeeper gloves are ergonomically designed to give easy fit","960.00","Effertz, Muller and Blanda","1963.34","802.33","90b0b727-af90-44bd-93df-13d4a5f0849e","4.23","4.15"
"e7e5bb51-44ff-4750-881c-5539a117793f","Recycled","Unbranded Concrete Ball","Boston's most advanced compression wear technology increases muscle oxygenation, stabilizes active muscles","593.00","Cremin Group","1900.89","99.95","fce4e166-68f1-49ea-98ff-066ff81afad4","3.74","7.25"
"db5ed845-e645-4b8e-8076-6d2af52a6661","Generic","Recycled Bronze Table","The automobile layout consists of a front-engine design, with transaxle-type transmissions mounted at the rear of the engine and four wheel drive","705.00","Beahan - Baumbach","1605.75","51.03","b6f8db08-bf3c-498b-a592-29e5f0f37380","4.98","8.59"
"74850432-707c-4536-8dcc-7c2652835b5b","Fantastic","Bespoke Concrete Ball","The Football Is Good For Training And Recreational Purposes","67.00","Mante - Bode","281.58","605.22","1100c1c4-e297-4605-986b-ed9041816dc9","3.59","6.81"
"ce836423-abdb-4acb-a119-3128c688f67b","Bespoke","Handmade Fresh Shirt","Andy shoes are designed to keeping in mind durability as well as trends, the most stylish range of shoes & sandals","772.00","Lueilwitz - Leuschke","1458.93","267.10","5aa16ad7-dbfa-4b70-9723-558017fb267e","3.12","1.14"
"f2fae842-d729-4afc-860f-ab7058531ac3","Sleek","Tasty Wooden Hat","Boston's most advanced compression wear technology increases muscle oxygenation, stabilizes active muscles","388.00","Stark LLC","2427.81","218.32","e741bc72-bad6-4787-ac1e-84547aaea102","1.45","7.54"
"e443c69d-6eb1-47f9-afd1-0b0c8ba059c3","Recycled","Handcrafted Concrete Ball","Andy shoes are designed to keeping in mind durability as well as trends, the most stylish range of shoes & sandals","621.00","Gutkowski, Franecki and Smitham","1723.37","475.80","ca9f7d14-439f-4d12-891e-17e2c32ea8c3","4.03","2.91"
"076c15d7-56da-41a0-8790-184eeca2c409","Luxurious","Practical Granite Shoes","The Football Is Good For Training And Recreational Purposes","661.00","Keeling, Sanford and Rutherford","1613.39","893.33","08a48574-fe30-42da-96e7-e3aafd32a00e","3.42","6.95"
"e3748d82-2ca7-4f59-85a0-ea25e2923a6f","Handmade","Sleek Steel Fish","The Apollotech B340 is an affordable wireless mouse with reliable connectivity, 12 months battery life and modern design","263.00","Bartoletti - Langworth","1152.60","288.20","05d29a83-3b33-41d3-a300-5777aa5e6cd5","1.51","7.68"
"c990bc75-bedc-40f7-94fe-f7775cf6bfc2","Handcrafted","Oriental Fresh Bacon","The automobile layout consists of a front-engine design, with transaxle-type transmissions mounted at the rear of the engine and four wheel drive","129.00","Purdy Inc","2062.60","946.69","f6320c9a-7627-4282-a5e0-df32b21856eb","3.99","3.89"
"f2ce7d21-d01c-499c-98fc-ce8303ac83e5","Licensed","Modern Plastic Shoes","The beautiful range of Apple Naturalé that has an exciting mix of natural ingredients. With the Goodness of 100% Natural Ingredients","954.00","Fahey and Sons","261.74","823.62","b1c10068-b63f-4593-8815-fe85270ba761","1.96","9.22"
"5b003f36-eee5-43aa-9552-14bdf0d1a32a","Awesome","Practical Concrete Towels","The automobile layout consists of a front-engine design, with transaxle-type transmissions mounted at the rear of the engine and four wheel drive","80.00","Wyman, Waelchi and Gulgowski","219.53","409.97","a264907e-23a6-425a-b755-a0a11e909fa3","4.84","2.73"
"bf22d5d1-3830-4459-8578-f53336fe9373","Tasty","Practical Plastic Sausages","The Football Is Good For Training And Recreational Purposes","257.00","Fisher - Oberbrunner","1442.90","906.49","c9767805-859e-49fb-bdd5-8ab38156056b","1.59","1.21"
"0b90caf9-3a41-46f4-8c2d-d9234bd68e92","Oriental","Intelligent Cotton Pizza","The slim & simple Maple Gaming Keyboard from Dev Byte comes with a sleek body and 7- Color RGB LED Back-lighting for smart functionality","495.00","Sauer - Ortiz","1516.07","953.83","0f911a62-8ea9-4223-8a1d-b10d696db986","4.27","1.24"
"f2f12754-981b-4d54-aad1-c4090ab3cc95","Intelligent","Intelligent Frozen Computer","Andy shoes are designed to keeping in mind durability as well as trends, the most stylish range of shoes & sandals","609.00","Prosacco, Jones and Johnson","1639.95","855.82","af3ba2d4-9ae1-4d0a-bfe3-387f14c06238","1.01","7.78"
"a8511735-a96d-4c0f-b2ba-0cd798dbe6db","Practical","Handcrafted Steel Gloves","The Apollotech B340 is an affordable wireless mouse with reliable connectivity, 12 months battery life and modern design","404.00","Pfannerstill Inc","814.66","673.27","3bd27496-a0d7-415f-9031-a78290636624","4.68","9.86"
"3c6a4e9b-6fbb-4818-884d-92d2b80a64d3","Bespoke","Awesome Bronze Towels","The Football Is Good For Training And Recreational Purposes","822.00","Swift - Schmeler","1530.03","558.88","f25b6414-9467-4521-8e1e-fbab6e8e394b","1.46","4.87"
"2453529a-bb92-4fd3-9f37-78a2d840a657","Handmade","Oriental Plastic Computer","The Football Is Good For Training And Recreational Purposes","687.00","King - Hickle","1882.75","97.39","1a307991-2890-4569-be64-634ec2e84cff","2.95","9.55"
"9af520f2-ae6e-44d1-89c2-79e6cdf38d96","Luxurious","Incredible Steel Computer","The Apollotech B340 is an affordable wireless mouse with reliable connectivity, 12 months battery life and modern design","899.00","Wolf, Hickle and Goodwin","2075.68","845.53","7e9a5d58-fe6a-4a24-8d49-1b5d72f71ab1","3.38","3.63"
"735be0d8-fa08-4140-b664-a17c92bf7651","Small","Luxurious Soft Tuna","Carbonite web goalkeeper gloves are ergonomically designed to give easy fit","985.00","Sporer - Witting","1805.50","691.68","bc49960c-6d27-4ec7-8ef1-00a3ea31ac4a","4.57","5.71"
"3e55b947-3640-45c3-b328-b06f050a971b","Handcrafted","Tasty Frozen Cheese","The Football Is Good For Training And Recreational Purposes","608.00","Wuckert and Sons","1076.21","375.02","9e60ddad-2367-4d1c-b3de-1dfa79dfb9ac","2.87","8.57"
"b1fc8f54-5eb0-450a-aa69-c4eab9955322","Electronic","Awesome Concrete Chicken","New ABC 13 9370, 13.3, 5th Gen CoreA5-8250U, 8GB RAM, 256GB SSD, power UHD Graphics, OS 10 Home, OS Office A & J 2016","515.00","Legros - Langosh","741.90","3.92","99251bbe-2db4-4b54-8754-5e3a04474e6a","1.66","8.16"
"7035613d-07fb-406b-987d-55661e71c428","Bespoke","Unbranded Metal Keyboard","New ABC 13 9370, 13.3, 5th Gen CoreA5-8250U, 8GB RAM, 256GB SSD, power UHD Graphics, OS 10 Home, OS Office A & J 2016","141.00","Walsh Group","829.32","794.37","546e29dd-811d-4eb2-b11f-65a4a65d872d","1.88","3.79"
"f5cca253-7874-410e-8779-3f4aac396e02","Practical","Unbranded Granite Gloves","Ergonomic executive chair upholstered in bonded black leather and PVC padded seat and back for all-day comfort and support","999.00","Ledner and Sons","1134.24","636.28","96df4ada-7f94-4851-8ac6-098fde47c057","1.66","4.65"
"c4e4a808-c1e7-422f-84ac-2c95281a6a8e","Luxurious","Electronic Cotton Chair","Carbonite web goalkeeper gloves are ergonomically designed to give easy fit","950.00","Lebsack Group","460.50","885.21","35534878-0639-47e1-b555-1f1a8393fb2b","4.49","7.21"
"1297320b-9e91-4781-8fda-51d63662c774","Ergonomic","Unbranded Soft Pants","Carbonite web goalkeeper gloves are ergonomically designed to give easy fit","877.00","Erdman Group","430.58","238.46","c8a84388-cd13-4108-9dfd-69b4118400af","2.56","1.09"
"6b9ca9ab-7129-438c-8abf-2155002facfe","Bespoke","Electronic Granite Fish","The slim & simple Maple Gaming Keyboard from Dev Byte comes with a sleek body and 7- Color RGB LED Back-lighting for smart functionality","838.00","Bins, Wolf and Gerlach","634.79","366.26","edae4fd8-2d1a-41cd-8336-05394ef98b09","3.74","8.46"
"be37e74d-7751-48ef-88f2-f18c908f7544","Intelligent","Recycled Fresh Pizza","Ergonomic executive chair upholstered in bonded black leather and PVC padded seat and back for all-day comfort and support","811.00","Crist - Strosin","1867.25","244.78","90e58554-5456-4c79-a1a2-da2ddc40455b","4.19","9.97"
"8ad57e12-481c-4070-8596-719f631f4e9c","Awesome","Handcrafted Metal Gloves","Boston's most advanced compression wear technology increases muscle oxygenation, stabilizes active muscles","460.00","Weber - Sanford","2128.27","48.60","efcf3934-980d-456e-92b3-26d768142920","3.73","9.42"
"23b4f883-7429-43e3-82c1-01db65124a8b","Licensed","Awesome Concrete Cheese","The Apollotech B340 is an affordable wireless mouse with reliable connectivity, 12 months battery life and modern design","571.00","Beer Group","1962.71","291.45","acac75c8-26ea-46f9-97c3-ca6fa35094d9","1.44","7.41"
"d4031851-a14f-474a-8205-0d970999fabc","Intelligent","Intelligent Bronze Shoes","The automobile layout consists of a front-engine design, with transaxle-type transmissions mounted at the rear of the engine and four wheel drive","225.00","Nader - Schmidt","962.45","727.41","e01aee30-f265-44ec-a836-c9c42b4166bf","2.98","3.25"
"8acbf94a-2396-4d51-a673-21c67fc2cddf","Licensed","Refined Cotton Chips","New ABC 13 9370, 13.3, 5th Gen CoreA5-8250U, 8GB RAM, 256GB SSD, power UHD Graphics, OS 10 Home, OS Office A & J 2016","472.00","Pacocha, Shields and Kovacek","755.33","860.54","cf55431c-89b6-4e20-b153-ac79c534f183","3.37","9.63"
"aacf8b3c-0444-4d8a-9c67-f475f8496219","Intelligent","Luxurious Soft Computer","The Apollotech B340 is an affordable wireless mouse with reliable connectivity, 12 months battery life and modern design","391.00","Wuckert - Osinski","1608.32","406.54","1013642d-c069-44b7-8840-c30fd2a4cf82","3.87","5.45"
"412803df-bd6f-4ac0-81c3-598dbff75286","Recycled","Licensed Wooden Tuna","New ABC 13 9370, 13.3, 5th Gen CoreA5-8250U, 8GB RAM, 256GB SSD, power UHD Graphics, OS 10 Home, OS Office A & J 2016","158.00","Jaskolski - Ernser","2483.84","415.14","d6fbab27-b2af-4570-bcd2-be7ae07c7f07","3.54","8.06"
"1f40d9ef-0cd0-4dcc-a0a3-7962e6be7104","Electronic","Luxurious Wooden Pants","The Apollotech B340 is an affordable wireless mouse with reliable connectivity, 12 months battery life and modern design","825.00","Langosh and Sons","1949.56","796.25","b8bd3b76-b2ba-4285-9747-49c9baaf3a36","1.91","8.92"
"58310911-90e8-41b4-8d11-3d14a0ed4794","Handmade","Intelligent Fresh Chips","Carbonite web goalkeeper gloves are ergonomically designed to give easy fit","399.00","Marvin - Lockman","212.86","956.61","203b41b0-6f41-410a-aad9-ae02e111491c","1.26","5.27"
"8c86fc61-e56a-48f5-989f-5811993863b7","Fantastic","Practical Metal Keyboard","The beautiful range of Apple Naturalé that has an exciting mix of natural ingredients. With the Goodness of 100% Natural Ingredients","8.00","White - Emmerich","179.21","788.37","382952e3-0b39-45b7-8867-9fc201c0e60f","2.69","2.66"
"a46a311b-80d0-4ad5-99bb-b62847ab5bce","Ergonomic","Bespoke Metal Chips","The automobile layout consists of a front-engine design, with transaxle-type transmissions mounted at the rear of the engine and four wheel drive","194.00","Bogisich and Sons","978.36","373.91","1203faa7-9d67-49ff-ace9-61cb947fd178","3.49","9.66"
"815ce42f-1dbb-4c51-8aac-8308a240aa2d","Fantastic","Bespoke Concrete Soap","The Football Is Good For Training And Recreational Purposes","79.00","Gulgowski and Sons","147.13","688.28","19e37d71-ebf3-4ae3-b0ab-227344c5697e","4.30","7.62"
"dbbd7c0d-600f-4ec6-96f1-161c2b335098","Bespoke","Incredible Bronze Chips","The Apollotech B340 is an affordable wireless mouse with reliable connectivity, 12 months battery life and modern design","153.00","Becker Group","1880.36","720.37","2f866153-5365-4ddf-a83a-c031fcb10ce0","3.06","4.76"
"7ea624a0-9a2d-470d-8037-155b5fb60f02","Handcrafted","Ergonomic Wooden Sausages","Andy shoes are designed to keeping in mind durability as well as trends, the most stylish range of shoes & sandals","538.00","Nitzsche and Sons","954.26","344.39","4e59ee12-72da-40e6-8ab8-86198958bdb2","4.07","1.00"
"bacc35dd-c2bc-48b2-ab0b-8f521383a6b3","Recycled","Generic Concrete Fish","The automobile layout consists of a front-engine design, with transaxle-type transmissions mounted at the rear of the engine and four wheel drive","214.00","Nader, Rosenbaum and Hoppe","1661.62","436.50","df9d9475-aded-47b8-8c77-2078db4bee9b","4.23","7.93"
"9b9f3c70-994c-4b91-b391-2fa641b99f20","Bespoke","Elegant Concrete Shirt","New range of formal shirts are designed keeping you in mind. With fits and styling that will make you stand apart","654.00","Huel and Sons","110.33","354.04","9e418a8b-1608-4316-920e-ae54e5dae5ff","1.38","3.55"
"e619d654-b457-4265-acfa-11959e3864e0","Elegant","Recycled Metal Salad","The beautiful range of Apple Naturalé that has an exciting mix of natural ingredients. With the Goodness of 100% Natural Ingredients","492.00","O'Conner, Morar and Kuhic","1278.02","359.39","9d4d34d8-e9ec-4ea7-884a-a494cf4be9a5","2.83","5.42"
"6cdbf8d0-1869-4cbe-afc4-373bff18e8ee","Electronic","Small Metal Gloves","The Football Is Good For Training And Recreational Purposes","320.00","Romaguera, Huels and Schultz","1263.44","550.84","facdb0fa-3af6-47c7-9643-2b00902186cb","2.90","9.81"
"13b92146-d8a7-44ed-acd8-22f77f0d5fee","Oriental","Refined Rubber Pizza","Andy shoes are designed to keeping in mind durability as well as trends, the most stylish range of shoes & sandals","539.00","Ebert, Dietrich and Macejkovic","585.24","169.81","da13a204-85bf-4b31-acf1-b96ef98957b2","3.95","9.77"
"d961e74e-5347-456d-ac5f-6ea53a7823a3","Handcrafted","Small Wooden Bike","New ABC 13 9370, 13.3, 5th Gen CoreA5-8250U, 8GB RAM, 256GB SSD, power UHD Graphics, OS 10 Home, OS Office A & J 2016","746.00","Marquardt, Rosenbaum and Nikolaus","1346.47","920.95","afa06b8d-5ba2-4907-96b0-a2474c94af2b","3.87","4.07"
"ca57e39c-d989-4665-9889-ebbec36b1975","Elegant","Oriental Fresh Chicken","The beautiful range of Apple Naturalé that has an exciting mix of natural ingredients. With the Goodness of 100% Natural Ingredients","735.00","Grimes, VonRueden and O'Reilly","1123.67","764.11","269941bb-43b1-43ea-a765-828a11bb8092","3.04","2.30"
"2a01df4f-dd6d-4872-a707-e8e335e33053","Recycled","Oriental Granite Shirt","The automobile layout consists of a front-engine design, with transaxle-type transmissions mounted at the rear of the engine and four wheel drive","580.00","Will, Hackett and Dibbert","1981.51","725.32","dcaf5c83-ed7d-4112-a70c-ce406cfa73ae","1.76","6.70"
"948cb8ec-44f8-433b-8b17-23d7686cb04a","Incredible","Elegant Bronze Soap","The Nagasaki Lander is the trademarked name of several series of Nagasaki sport bikes, that started with the 1984 ABC800J","63.00","Satterfield Inc","1496.06","60.86","ce22f98d-d14e-46b8-bdf2-b81c924635b7","2.35","4.13"
"a265a254-f7a4-40b3-a7ca-5bd415acc171","Gorgeous","Small Bronze Shirt","Carbonite web goalkeeper gloves are ergonomically designed to give easy fit","98.00","Daniel - Zemlak","114.32","5.01","975f3b73-be50-48de-a4e5-d46713068fcc","4.16","4.70"
"c13829d3-04be-474b-bff9-e47a6a19095b","Tasty","Elegant Rubber Hat","The Nagasaki Lander is the trademarked name of several series of Nagasaki sport bikes, that started with the 1984 ABC800J","661.00","Stehr, Beatty and Stamm","830.39","913.79","12561f24-9840-46da-9acf-3ddb5966f9c2","1.03","1.11"
"0e852d92-6aa1-424a-a4c7-07a0e4d32c17","Oriental","Handcrafted Concrete Ball","New ABC 13 9370, 13.3, 5th Gen CoreA5-8250U, 8GB RAM, 256GB SSD, power UHD Graphics, OS 10 Home, OS Office A & J 2016","636.00","Cartwright, Goodwin and Shields","565.68","88.95","e6b24226-aa7c-459a-be5b-936b1d08c53c","2.03","4.36"
"8cc75349-3ffc-460d-b336-a4168946c9c4","Rustic","Ergonomic Bronze Table","Carbonite web goalkeeper gloves are ergonomically designed to give easy fit","196.00","Labadie Group","63.91","551.83","2dd775ce-875d-44ad-9c24-4b75074fb528","4.89","3.47"
"144e5a05-788b-4880-9ac4-ffa2065ab07c","Intelligent","Gorgeous Metal Fish","New ABC 13 9370, 13.3, 5th Gen CoreA5-8250U, 8GB RAM, 256GB SSD, power UHD Graphics, OS 10 Home, OS Office A & J 2016","632.00","Ledner - Hamill","396.18","412.25","bed85195-aed3-4176-bb4f-2d81e107461d","5.00","2.41"
"b348dfaf-00ca-4ca9-a9c3-380b9161ee19","Generic","Licensed Wooden Chair","Carbonite web goalkeeper gloves are ergonomically designed to give easy fit","698.00","Reynolds, Rosenbaum and Quitzon","36.06","338.91","a12dbc40-4f46-4fe1-9e69-e8292e98e0ec","4.54","7.81"
"5c532726-29c2-49cd-9758-ee3ff976592f","Gorgeous","Unbranded Soft Table","New range of formal shirts are designed keeping you in mind. With fits and styling that will make you stand apart","105.00","Toy and Sons","1693.25","57.10","c186950e-abdd-4eec-842f-696f2e1cad30","2.37","5.51"
"1ebc8dcb-221d-4905-a559-321b5abe8100","Licensed","Incredible Concrete Bacon","Carbonite web goalkeeper gloves are ergonomically designed to give easy fit","788.00","Stanton - Romaguera","1318.67","405.57","45cf3b5a-cd8d-4505-8a37-e104e3a545a5","2.14","7.63"
"911a3cbd-2e09-4951-b3b2-b08d0be8e4a6","Tasty","Refined Soft Ball","Boston's most advanced compression wear technology increases muscle oxygenation, stabilizes active muscles","788.00","Toy - Hoppe","1530.79","302.52","1ff4309b-b83f-4f80-9974-0206286b355c","4.34","7.23"
"e02e37a4-5e4c-471f-971e-8ad5a484956e","Oriental","Awesome Soft Fish","The automobile layout consists of a front-engine design, with transaxle-type transmissions mounted at the rear of the engine and four wheel drive","12.00","Towne, Wehner and Boyle","1858.31","259.17","00d6692c-1d41-4b14-a072-2723ee5d3c8b","4.09","7.84"
"4f7906db-ad3b-4798-b015-df571dcbe5bc","Tasty","Handcrafted Plastic Keyboard","Boston's most advanced compression wear technology increases muscle oxygenation, stabilizes active muscles","919.00","Crooks, Rodriguez and Hartmann","192.98","658.39","b6fe6826-f3de-4724-9686-fd91b42edb87","2.55","3.90"
"b5de2d64-786e-4381-80c1-fc7b5fb549aa","Tasty","Elegant Granite Ball","Carbonite web goalkeeper gloves are ergonomically designed to give easy fit","463.00","Johns LLC","302.26","658.97","55e279db-0103-49f0-b1cb-e386acc29b55","2.06","8.71"
"f988af70-e8cf-4f8d-92c9-cc6246a7deb9","Electronic","Tasty Metal Computer","Ergonomic executive chair upholstered in bonded black leather and PVC padded seat and back for all-day comfort and support","109.00","Kohler - Schumm","1857.60","480.96","9038a180-a70a-46a3-b5aa-14acf699ca8c","4.37","5.69"
"a8be506f-95ad-451a-9d63-1e9e55da44e9","Generic","Luxurious Soft Tuna","Boston's most advanced compression wear technology increases muscle oxygenation, stabilizes active muscles","668.00","Ondricka - Von","1875.89","61.99","469e2dfd-865b-4ff0-aee5-6fa47f57b7ce","3.36","3.51"
"67daa134-b57d-43ef-a072-4fb271d06a94","Rustic","Ergonomic Bronze Salad","Ergonomic executive chair upholstered in bonded black leather and PVC padded seat and back for all-day comfort and support","158.00","Streich - Kshlerin","1105.58","164.64","d93a1e21-87ea-49a8-975f-040945c52e7c","3.02","9.37"
"a08f4202-a83d-40bd-9915-ef6c516d4c34","Oriental","Handcrafted Wooden Table","The beautiful range of Apple Naturalé that has an exciting mix of natural ingredients. With the Goodness of 100% Natural Ingredients","696.00","Heidenreich, Sauer and Weissnat","581.27","728.84","92a1e863-e90d-4416-bdea-377d12149c42","2.48","6.25"
"df030da2-b877-4274-9dfd-94e9c43e1a0c","Ergonomic","Sleek Plastic Table","The automobile layout consists of a front-engine design, with transaxle-type transmissions mounted at the rear of the engine and four wheel drive","421.00","Schroeder, Blanda and Jacobson","1346.86","107.59","2f0eb14c-b432-46ea-b7cc-d786eea7f2af","1.93","2.91"
"39caf913-d26d-4f2f-b9dc-e0a78195cde0","Handmade","Elegant Metal Pizza","The Football Is Good For Training And Recreational Purposes","497.00","Heller Group","2039.93","1.65","b7132e8a-8914-46bf-933a-0f88dc6635ac","4.63","8.86"
"89a70e93-394e-47f7-a5af-483f54a1b147","Luxurious","Bespoke Metal Chips","The Apollotech B340 is an affordable wireless mouse with reliable connectivity, 12 months battery life and modern design","321.00","Green Inc","1573.99","192.24","19e02746-d0a1-4abb-9426-98c075545d30","3.37","9.14"
"0249bc56-a9a3-4c27-9141-77d2af46c3c4","Handcrafted","Licensed Cotton Keyboard","Boston's most advanced compression wear technology increases muscle oxygenation, stabilizes active muscles","214.00","Wisozk, Shields and Kulas","371.03","758.82","14b5eac0-dae4-4608-a471-2771cdd1eda8","1.46","5.27"
"a6dc90a4-80a9-4f35-9d4e-bb446f85e39d","Generic","Ergonomic Bronze Computer","Boston's most advanced compression wear technology increases muscle oxygenation, stabilizes active muscles","602.00","Monahan - Fisher","2008.42","255.35","37c85a7a-3e9a-434f-91ca-ce1311a7e83c","4.05","4.65"
"c146abc7-f749-4d4c-a25d-38c597d3f407","Intelligent","Bespoke Soft Tuna","New range of formal shirts are designed keeping you in mind. With fits and styling that will make you stand apart","255.00","Daugherty and Sons","1068.74","296.54","a1592d3a-59f8-413d-a0fd-60fefb7b80f7","3.23","6.70"
"7a75eccc-c30e-4ca5-b7b2-c1198cea3dd0","Ergonomic","Electronic Frozen Ball","Andy shoes are designed to keeping in mind durability as well as trends, the most stylish range of shoes & sandals","937.00","Jacobi LLC","109.97","558.13","163bc0c3-2ae3-4f33-bf01-568b50dd6520","3.20","1.41"
"f274ecae-4147-436f-9f55-7ffa5eb3b890","Fantastic","Modern Plastic Bike","The beautiful range of Apple Naturalé that has an exciting mix of natural ingredients. With the Goodness of 100% Natural Ingredients","741.00","Senger Group","1899.26","697.29","670a1ee2-054d-4704-8cb2-dbf3fac8ce49","2.63","6.89"
"11b50a0b-d95e-401c-b0cb-3b31df69c87f","Bespoke","Ergonomic Concrete Chair","Boston's most advanced compression wear technology increases muscle oxygenation, stabilizes active muscles","205.00","Huel, Gleason and Schamberger","738.89","333.63","ef15d0f8-b798-43a2-b115-4a478bd4eb26","1.85","6.11"
"f1b383aa-3e67-4fb1-89bf-455205f7422c","Luxurious","Incredible Frozen Chair","The Football Is Good For Training And Recreational Purposes","767.00","Muller - Macejkovic","1287.90","29.70","bd21a63d-6887-4a89-8d26-3d5e4ff92236","2.32","7.13"
"969cee7a-ab3a-486a-9507-06a04c4eef3e","Refined","Fantastic Bronze Soap","Boston's most advanced compression wear technology increases muscle oxygenation, stabilizes active muscles","88.00","Senger, Fisher and Hansen","2233.22","65.73","02dc1df1-b63c-4e17-81f7-0d3ec3066102","4.10","9.83"
"b5e39fc0-39c7-4175-88ae-207e4d71d8b1","Modern","Gorgeous Metal Pants","New ABC 13 9370, 13.3, 5th Gen CoreA5-8250U, 8GB RAM, 256GB SSD, power UHD Graphics, OS 10 Home, OS Office A & J 2016","230.00","Kohler LLC","2212.64","41.80","01d9ca07-7c66-4aff-ab9f-c3837b837051","2.87","9.84"
"f2a4a7f8-0a5d-4fa6-9718-2c71b22f6439","Bespoke","Generic Rubber Car","The Apollotech B340 is an affordable wireless mouse with reliable connectivity, 12 months battery life and modern design","907.00","Satterfield - Sporer","604.19","318.72","85dd12a8-1a30-47b1-ad03-c63d2bf96df9","2.00","2.57"
"7421e4e5-6602-4ceb-b9c5-07fad32c2b4b","Sleek","Handcrafted Metal Tuna","The Nagasaki Lander is the trademarked name of several series of Nagasaki sport bikes, that started with the 1984 ABC800J","166.00","Lehner Group","2182.17","500.43","fe3bfe80-d998-43e0-badf-dc7ad650a968","1.55","7.89"
"347d68c9-241a-4c41-8751-1cb303445123","Intelligent","Licensed Wooden Pants","Ergonomic executive chair upholstered in bonded black leather and PVC padded seat and back for all-day comfort and support","445.00","Tillman - Schuppe","687.61","569.28","39c626c6-b599-4030-aafe-2a9c117566d1","2.69","6.99"
"a7f2cc8c-837d-45c1-834b-96dcb7aea898","Unbranded","Tasty Wooden Pants","New ABC 13 9370, 13.3, 5th Gen CoreA5-8250U, 8GB RAM, 256GB SSD, power UHD Graphics, OS 10 Home, OS Office A & J 2016","938.00","Friesen - McCullough","793.51","900.76","e4a7a70e-7dd9-47b5-92df-28a3c3cc53f1","2.24","9.17"
"196175ad-1007-469c-bc7f-7ad084f88e17","Luxurious","Small Fresh Tuna","Boston's most advanced compression wear technology increases muscle oxygenation, stabilizes active muscles","650.00","Gulgowski Group","668.12","270.04","2d9736f5-dfbe-4d52-8b32-81fa2a71ad86","4.83","1.25"
"a237d8b6-3eb2-4a3a-99c1-145ceba9c87c","Sleek","Practical Bronze Shirt","Ergonomic executive chair upholstered in bonded black leather and PVC padded seat and back for all-day comfort and support","353.00","Fisher, Keeling and Hodkiewicz","1372.72","78.69","cdde0650-014b-4b0e-8b97-cf2dcfe2eb60","4.95","1.25"
"84f4e11b-b7e3-46e9-9b60-88874f66ee0f","Intelligent","Licensed Soft Salad","Boston's most advanced compression wear technology increases muscle oxygenation, stabilizes active muscles","950.00","Kreiger, Runolfsdottir and Abbott","2122.83","178.37","05c3b22e-5db8-4c29-a8bb-c1db575c0537","4.31","1.08"
"42bcf927-eb06-4c9e-b790-97b6e812720a","Small","Incredible Soft Shirt","The beautiful range of Apple Naturalé that has an exciting mix of natural ingredients. With the Goodness of 100% Natural Ingredients","658.00","Fadel - Carroll","384.80","144.25","db596ac4-f8a5-4870-aef2-5f285ece9d02","3.78","5.21"
"7dbca216-0428-4262-81b4-def5a1a7b62c","Ergonomic","Rustic Bronze Chair","Boston's most advanced compression wear technology increases muscle oxygenation, stabilizes active muscles","987.00","Bode - Kuhn","2464.39","541.88","ba756915-0b4c-4ac4-9be1-a06be095fe7d","2.59","7.02"
"8f0c30a4-0e34-422f-96f9-06e4385ba6e8","Rustic","Recycled Metal Chips","The automobile layout consists of a front-engine design, with transaxle-type transmissions mounted at the rear of the engine and four wheel drive","866.00","Tillman LLC","820.05","295.98","8c8b2789-c95c-4023-917b-68ad3eccbcf2","1.51","1.75"
"edd700d8-b7f9-4ae8-8213-dbc39df19110","Generic","Tasty Steel Towels","Carbonite web goalkeeper gloves are ergonomically designed to give easy fit","592.00","Schmeler Group","686.54","159.87","f187741c-1b14-4ac0-b889-67aacbc2e234","1.54","2.59"
"20b86413-cae6-4c47-be16-a33e3e240612","Elegant","Electronic Frozen Soap","The Football Is Good For Training And Recreational Purposes","218.00","Johnston - McKenzie","1897.70","654.27","9bc3a406-959f-4519-9850-3ddc5f3b6bd7","3.09","2.50"
